{
    "faithfulness": 0.8193544494720965,
    "answer_relevancy": 0.5672895815908706,
    "context_precision": 0.22074829930346748,
    "context_recall": 0.66
}